{
  "peak_active_blocks": 1213,
  "total_blocks": 6517,
  "peak_block_utilization": 0.18612858677305508,
  "avg_block_utilization": 0.14512669904471667,
  "peak_internal_waste_slots": 599,
  "peak_internal_waste_ratio": 0.04985019973368841
}
