{
  "ttft_mean_s": 3.170451410114765,
  "ttft_p50_s": 2.970315456390381,
  "ttft_p95_s": 3.8852226734161377,
  "ttft_p99_s": 3.8852226734161377,
  "tpot_req_mean_s": 0.13717305143987102,
  "tpot_req_p50_s": 0.13862079898203453,
  "tpot_req_p95_s": 0.13862079898203453,
  "tpot_req_p99_s": 0.13862079898203453,
  "tpot_step_mean_s": 0.0026256688815414707,
  "tpot_step_std_s": 0.005095534277916659,
  "tpot_step_p99_s": 0.011777460277080525
}
