{
  "total_blocks": 6515,
  "peak_block_utilization": 0.09393706830391405,
  "avg_block_utilization": 0.07403467958557178
}
