{
  "ttft_p99_s": 3.216421127319336,
  "tpot_req_mean_s": 0.0845812362010085,
  "tpot_step_mean_s": 0.003400612564291805,
  "tpot_step_std_s": 0.00048594862222671497,
  "tpot_step_p99_s": 0.0034526491165161157
}
