{
  "peak_active_blocks": 1213,
  "total_blocks": 6515,
  "peak_block_utilization": 0.1861857252494244,
  "avg_block_utilization": 0.14517125060236663,
  "peak_internal_waste_slots": 599,
  "peak_internal_waste_ratio": 0.04985019973368841
}
