{
  "ttft_mean_s": 4.506313838064671,
  "ttft_p50_s": 4.299150228500366,
  "ttft_p95_s": 5.2461838722229,
  "ttft_p99_s": 5.2461838722229,
  "tpot_req_mean_s": 0.13644863794169088,
  "tpot_req_p50_s": 0.13792291588670624,
  "tpot_req_p95_s": 0.13792291588670624,
  "tpot_req_p99_s": 0.13792291588670624,
  "tpot_step_mean_s": 0.002828404806051011,
  "tpot_step_std_s": 0.007386025397959866,
  "tpot_step_p99_s": 0.012473142445087423
}
