{
  "request_throughput_req_per_s": 2.928288008262354,
  "output_token_throughput_tok_per_s": 374.82086505758133,
  "total_token_throughput_tok_per_s": 871.6689819594704,
  "num_requests": 64,
  "total_elapsed_s": 21.85577368736267,
  "total_prompt_tokens": 10859,
  "total_output_tokens": 8192
}
