{
  "focus": "TPOT stability: lower std/p99 is better",
  "chunked_off": {
    "tpot_step_std_s": 0.007386025397959866,
    "tpot_step_p99_s": 0.012473142445087423,
    "ttft_p99_s": 5.2461838722229,
    "request_throughput_req_per_s": 2.928288008262354,
    "output_token_throughput_tok_per_s": 374.82086505758133
  },
  "chunked_on": {
    "tpot_step_std_s": 0.005095534277916659,
    "tpot_step_p99_s": 0.011777460277080525,
    "ttft_p99_s": 3.8852226734161377,
    "request_throughput_req_per_s": 3.1051144254150724,
    "output_token_throughput_tok_per_s": 397.45464645312927
  }
}
